Scenario,Year,Revenue_mm,Revenue_Growth_pct,EBITDA_mm,EBITDA_Margin_pct,Capex_mm,Cash_Taxes_mm,Debt_mm,Interest_Rate_pct,Interest_Expense_mm,Scheduled_Principal_mm,Cash_Available_Debt_Service_mm,DSCR_x,Net_Leverage_x
Base,2026,299.9,17.6,45.0,15.0,15.0,6.6,80,5.9,4.7,5,23.4,2.41,0.71
Base,2027,347.9,16.0,59.1,17.0,17.4,9.7,75,5.9,4.4,7,32.1,2.81,0.46
Base,2028,396.9,14.1,73.0,18.4,19.8,12.8,68,5.9,4.0,8,40.4,3.37,0.27
Downside,2026,275.4,8.0,30.3,11.0,13.8,2.6,80,7.25,5.8,5,13.9,1.29,1.06
Downside,2027,291.9,6.0,35.0,12.0,14.6,3.4,75,7.25,5.4,7,17.0,1.37,0.77
Downside,2028,306.5,5.0,39.8,13.0,15.3,4.2,68,7.25,4.9,8,20.3,1.57,0.5
Upside,2026,311.1,22.0,49.8,16.0,15.6,7.9,80,5.25,4.2,5,26.3,2.86,0.64
Upside,2027,373.3,20.0,70.9,19.0,18.7,12.7,75,5.25,3.9,7,39.5,3.61,0.38
Upside,2028,436.8,17.0,91.7,21.0,21.8,17.5,68,5.25,3.6,8,52.3,4.52,0.22
